First Name,Last Name,Mailing Address,Mailing City,Mailing State,Mailing Zip,Property Address,Property City,Property State,Property Zip,Lead Type,Document Type,Date Filed,Document Number,Amount/Debt Owed,Seller Score,Motivated Seller Flags,Source,Public Records URL,Tags
Melanie A,Goodwin,,,,,,,GA,,Pre-Foreclosure,Notice of Sale Under Power,2026-10-08,GPN-e64a3bbf22d10959,,65,Pre-foreclosure; New this week,Georgia Public Notice (legal organ advertisement),https://www.georgiapublicnotice.com/search.aspx,"cherokeescraper,preforeclosure"
ARDEN HOMES,,,,,,,,GA,,Pre-Foreclosure,Notice of Sale Under Power,2026-10-08,GPN-db56d4a806c3974e,,65,Pre-foreclosure; New this week,Georgia Public Notice (legal organ advertisement),https://www.georgiapublicnotice.com/search.aspx,"cherokeescraper,preforeclosure"
Sarah Noelle Turner Aka,Noelle,,,,,,,GA,,Pre-Foreclosure,Notice of Sale Under Power,2026-10-08,GPN-78166892e98bcd5d,,65,Pre-foreclosure; New this week,Georgia Public Notice (legal organ advertisement),https://www.georgiapublicnotice.com/search.aspx,"cherokeescraper,preforeclosure"
Russ C,Rayoni,,,,,,,GA,,Pre-Foreclosure,Notice of Sale Under Power,2026-10-08,GPN-f0b90dba96d4109b,,65,Pre-foreclosure; New this week,Georgia Public Notice (legal organ advertisement),https://www.georgiapublicnotice.com/search.aspx,"cherokeescraper,preforeclosure"
John Edward,Britt,,,,,,,GA,,Pre-Foreclosure,Notice of Sale Under Power,2026-10-08,GPN-267082f6e6e450ec,,65,Pre-foreclosure; New this week,Georgia Public Notice (legal organ advertisement),https://www.georgiapublicnotice.com/search.aspx,"cherokeescraper,preforeclosure"
Donald Thomas,Bubna,,,,,,,GA,,Pre-Foreclosure,Notice of Sale Under Power,2026-10-08,GPN-9409fc887ca7759f,,65,Pre-foreclosure; New this week,Georgia Public Notice (legal organ advertisement),https://www.georgiapublicnotice.com/search.aspx,"cherokeescraper,preforeclosure"
Roman,Viderman,,,,,,,GA,,Pre-Foreclosure,Notice of Sale Under Power,2026-10-08,GPN-01639abeb9789145,,65,Pre-foreclosure; New this week,Georgia Public Notice (legal organ advertisement),https://www.georgiapublicnotice.com/search.aspx,"cherokeescraper,preforeclosure"
Michael L,Rinehart,,,,,,,GA,,Pre-Foreclosure,Notice of Sale Under Power,2026-10-08,GPN-4f341637da81167f,,65,Pre-foreclosure; New this week,Georgia Public Notice (legal organ advertisement),https://www.georgiapublicnotice.com/search.aspx,"cherokeescraper,preforeclosure"
Eric,Toso,,,,,,,GA,,Pre-Foreclosure,Notice of Sale Under Power,2026-10-08,GPN-ce8853bb3576ac39,,65,Pre-foreclosure; New this week,Georgia Public Notice (legal organ advertisement),https://www.georgiapublicnotice.com/search.aspx,"cherokeescraper,preforeclosure"
Jr,Anthony H Payne,,,,,,,GA,,Pre-Foreclosure,Notice of Sale Under Power,2026-10-01,GPN-75cecab83ab76b82,,65,Pre-foreclosure; New this week,Georgia Public Notice (legal organ advertisement),https://www.georgiapublicnotice.com/search.aspx,"cherokeescraper,preforeclosure"
Ingrid Marie,Baillie,,,,,,,GA,,Pre-Foreclosure,Notice of Sale Under Power,2026-10-01,GPN-66bfcb5ef9b3f77d,,65,Pre-foreclosure; New this week,Georgia Public Notice (legal organ advertisement),https://www.georgiapublicnotice.com/search.aspx,"cherokeescraper,preforeclosure"
JBZ DEVELOPMENT LLC,,,,,,,,GA,,Pre-Foreclosure,Notice of Sale Under Power,2026-10-01,GPN-501d6a0b88fdff96,,65,Pre-foreclosure; LLC / corp owner; New this week,Georgia Public Notice (legal organ advertisement),https://www.georgiapublicnotice.com/search.aspx,"cherokeescraper,preforeclosure"
Oludare,Ojo,,,,,,,GA,,Pre-Foreclosure,Notice of Sale Under Power,2026-09-24,GPN-1626c2411161ce6d,,65,Pre-foreclosure; New this week,Georgia Public Notice (legal organ advertisement),https://www.georgiapublicnotice.com/search.aspx,"cherokeescraper,preforeclosure"
